review_id,job_id,name,status,verification
"J01-S","villager_towers","유산 상속","구현 완료·자동 검증 완료","테스트: AugmentCombatGameTest.villagerInheritanceUsesPermanentStacksAcrossTiersOnlyOnce; 2026-09-21 14:44:34 KST Java 21 전체 게이트 재실행 통과: 필수 GameTest 668 통과; JUnit 1312 등록/1310 통과/2 건너뜀/실패 0/오류 0; remapJar 성공; 클라이언트 확인 대기"
"J01-G1","villager_towers","장수 만세","구현 완료·자동 검증 완료","테스트: AugmentCombatGameTest.villagerLongevityDoesNotConsumeGrowthOrRecurse; 2026-09-21 14:44:34 KST Java 21 전체 게이트 재실행 통과: 필수 GameTest 668 통과; JUnit 1312 등록/1310 통과/2 건너뜀/실패 0/오류 0; remapJar 성공; 클라이언트 확인 대기"
"J01-G2","villager_towers","연쇄 폭발","구현 완료·자동 검증 완료","테스트: AugmentCombatGameTest.villagerCorpseChainStopsAfterTwoGenerationsAndSuppressesOtherTriggers; 2026-09-21 14:44:34 KST Java 21 전체 게이트 재실행 통과: 필수 GameTest 668 통과; JUnit 1312 등록/1310 통과/2 건너뜀/실패 0/오류 0; remapJar 성공; 클라이언트 확인 대기"
"J01-P","villager_towers","마을의 거신","구현 완료·자동 검증 완료","테스트: VillagerAugmentsTest.giantSelectionPreservesHealthRatioAndDoesNotBuffOtherGolems; AugmentCombatGameTest.villagerGiantPulsesAfterSixtyTicksAndStopsAfterRound; JobAugmentSelectionGameTest.allFourManualJobCardsRejectWrongClassForeignOwnerAndTemporaryCopies; 2026-09-21 14:44:34 KST Java 21 전체 게이트 재실행 통과: 필수 GameTest 668 통과; JUnit 1312 등록/1310 통과/2 건너뜀/실패 0/오류 0; remapJar 성공; 클라이언트 부분 확인: 제안·획득 기록과 본인 시점 지정 발광 켜짐·꺼짐; 실제 마우스·호버·다른 플레이어 시점 미확인; 근거: 2026-09-21-season-3-builder-augment-client-qa.ko.md"
"J02-S","villager_adv_towers","멘토 & 멘티","구현 완료·자동 검증 완료","테스트: VillagerAdvAugmentsTest.mentorCopiesOnlyNormalAwardToOneLowestExperienceTower; SemionVillagerAdvGameTest.selectedMentorTransfersRealRoundAwardOnlyToLowestEligibleTower; SemionVillagerAdvGameTest.unselectedMentorLeavesRealRoundAwardsUnchanged; 2026-09-21 14:44:34 KST Java 21 전체 게이트 재실행 통과: 필수 GameTest 668 통과; JUnit 1312 등록/1310 통과/2 건너뜀/실패 0/오류 0; remapJar 성공; 클라이언트 확인 대기"
"J02-G1","villager_adv_towers","조기 졸업","구현 완료·자동 검증 완료","테스트: VillagerAdvAugmentsTest.earlyGraduationDoublesOnlyTierAwardAndBypassesExperienceAtHigherCost; BuilderAugmentTransactionGameTest.earlyGraduationAdjustsPaymentBeforeTicketAndTemporaryOverridesCannotSell; 2026-09-21 14:44:34 KST Java 21 전체 게이트 재실행 통과: 필수 GameTest 668 통과; JUnit 1312 등록/1310 통과/2 건너뜀/실패 0/오류 0; remapJar 성공; 클라이언트 확인 대기"
"J02-G2","villager_adv_towers","역할 대항전","구현 완료·자동 검증 완료","테스트: VillagerAdvAugmentsTest.roleContestKeepsAllBranchesInFourStarterFamilies; JobAdvAnimalResonanceGameTest.roleContestExecutesSupportActionAfterSixSecondsAndResetCancelsIt; 2026-09-21 14:44:34 KST Java 21 전체 게이트 재실행 통과: 필수 GameTest 668 통과; JUnit 1312 등록/1310 통과/2 건너뜀/실패 0/오류 0; remapJar 성공; 클라이언트 확인 대기"
"J02-P","villager_adv_towers","수석 졸업","구현 완료·자동 검증 완료","테스트: VillagerAdvAugmentsTest.graduateChoosesHighestExperienceAttackerAndRangeClearsAfterWave; JobAdvAnimalResonanceGameTest.topGraduateAttacksTwoExtraTargetsWithoutRecursiveShots; 2026-09-21 14:44:34 KST Java 21 전체 게이트 재실행 통과: 필수 GameTest 668 통과; JUnit 1312 등록/1310 통과/2 건너뜀/실패 0/오류 0; remapJar 성공; 클라이언트 확인 대기"
"J03-S","undead_towers","헌혈의 집","구현 완료·자동 검증 완료","테스트: UndeadAugmentsGameTest.actualOverflowHealsOnlyLowestNearbyAllyAndExtraAttacksDoNotDonate; 2026-09-21 14:44:34 KST Java 21 전체 게이트 재실행 통과: 필수 GameTest 668 통과; JUnit 1312 등록/1310 통과/2 건너뜀/실패 0/오류 0; remapJar 성공; 클라이언트 확인 대기"
"J03-G1","undead_towers","뼈가 실린 공격","구현 완료·자동 검증 완료","테스트: UndeadAugmentsTest.boneChargesRequireCappedGrowthAndSameLaneEnemiesThenAccumulateAndReset; UndeadAugmentsGameTest.boneChargeHitsOnlyThreeOtherEnemiesForHalfPhysicalDamageWithoutRetriggering; 2026-09-21 14:44:34 KST Java 21 전체 게이트 재실행 통과: 필수 GameTest 668 통과; JUnit 1312 등록/1310 통과/2 건너뜀/실패 0/오류 0; remapJar 성공; 클라이언트 확인 대기"
"J03-G2","undead_towers","두번째 기회","구현 완료·자동 검증 완료","테스트: UndeadAugmentsTest.secondChanceWaitsTwentyTicksOnlyOnceAndRoundResetCancelsPendingRevival; UndeadAugmentsGameTest.actualDeathRespawnsAtTwentyTicksWithBonusAndResetCancelsTheWait; AugmentCombatGameTest.finalUndeadDefenderRevivesAfterTwentyTicksBeforeLaneBreak; 2026-09-21 14:44:34 KST Java 21 전체 게이트 재실행 통과: 필수 GameTest 668 통과; JUnit 1312 등록/1310 통과/2 건너뜀/실패 0/오류 0; remapJar 성공; 클라이언트 대표 장면 확인: 좀비 사망 모션과 같은 자리 부활; 서버 기록: 수동 레인 20틱 후 새 개체·체력 60/100; 근거: 2026-09-21-season-3-builder-augment-client-qa.ko.md"
"J03-P","undead_towers","사령왕","구현 완료·자동 검증 완료","테스트: UndeadAugmentsTest.kingFollowsLogicalUpgradeAndCopiesFreezeWithoutGrowthOrAugments; UndeadAugmentsGameTest.kingCopiesCapAtSixOutliveCombatDeathAndDisappearWithOriginalSale; JobAugmentSelectionGameTest.allFourManualJobCardsRejectWrongClassForeignOwnerAndTemporaryCopies; 2026-09-21 14:44:34 KST Java 21 전체 게이트 재실행 통과: 필수 GameTest 668 통과; JUnit 1312 등록/1310 통과/2 건너뜀/실패 0/오류 0; remapJar 성공; 클라이언트 확인 대기"
"J04-S","animal_towers","종을 뛰어넘는 우정","구현 완료·자동 검증 완료","테스트: AnimalAugmentsTest.friendshipAddsOnlyOneVirtualAnimalAndDoesNotUnlockLeaderUpgrade; 2026-09-21 14:44:34 KST Java 21 전체 게이트 재실행 통과: 필수 GameTest 668 통과; JUnit 1312 등록/1310 통과/2 건너뜀/실패 0/오류 0; remapJar 성공; 클라이언트 확인 대기"
"J04-G1","animal_towers","우두머리","구현 완료·자동 검증 완료","테스트: AnimalAugmentsTest.leaderStatsApplyOnlyToActualLeader; JobAdvAnimalResonanceGameTest.leaderSplashDealsSixtyPercentInsideTwoPointFiveBlocks; 2026-09-21 14:44:34 KST Java 21 전체 게이트 재실행 통과: 필수 GameTest 668 통과; JUnit 1312 등록/1310 통과/2 건너뜀/실패 0/오류 0; remapJar 성공; 클라이언트 확인 대기"
"J04-G2","animal_towers","""무리"" 공격","구현 완료·자동 검증 완료","테스트: JobAdvAnimalResonanceGameTest.animalFifthFamilyHitCallsOnlyThreeAlliesAndDoesNotRecharge; 2026-09-21 14:44:34 KST Java 21 전체 게이트 재실행 통과: 필수 GameTest 668 통과; JUnit 1312 등록/1310 통과/2 건너뜀/실패 0/오류 0; remapJar 성공; 클라이언트 확인 대기"
"J04-P","animal_towers","우두머리 연합","구현 완료·자동 검증 완료","테스트: AnimalAugmentsTest.threeLeaderKindsShareDoubleAurasAcrossSpeciesAndDistanceUntilOneDies; 2026-09-21 14:44:34 KST Java 21 전체 게이트 재실행 통과: 필수 GameTest 668 통과; JUnit 1312 등록/1310 통과/2 건너뜀/실패 0/오류 0; remapJar 성공; 클라이언트 확인 대기"
"J05-S","warlock_towers","유언","구현 완료·자동 검증 완료","테스트: EndAugmentGameTest.warlockAbsorptionFiresOnceAndSharesOnlyGrowth; 2026-09-21 14:44:34 KST Java 21 전체 게이트 재실행 통과: 필수 GameTest 668 통과; JUnit 1312 등록/1310 통과/2 건너뜀/실패 0/오류 0; remapJar 성공; 클라이언트 확인 대기"
"J05-G1","warlock_towers","폭발형 제물","구현 완료·자동 검증 완료","테스트: WarlockAugmentTest.explosiveSacrificeScalesOnlyPermanentGrowth; EndAugmentGameTest.warlockAbsorptionFiresOnceAndSharesOnlyGrowth; 2026-09-21 14:44:34 KST Java 21 전체 게이트 재실행 통과: 필수 GameTest 668 통과; JUnit 1312 등록/1310 통과/2 건너뜀/실패 0/오류 0; remapJar 성공; 클라이언트 확인 대기"
"J05-G2","warlock_towers","(진)각성","구현 완료·자동 검증 완료","테스트: WarlockAugmentTest.trueAwakeningUsesSixtyPercentThresholdAndImmediateUnlockDetails; EndAugmentGameTest.trueAwakeningUnlocksAtSixtyPercentWithAnotherCoreAlive; 2026-09-21 14:44:34 KST Java 21 전체 게이트 재실행 통과: 필수 GameTest 668 통과; JUnit 1312 등록/1310 통과/2 건너뜀/실패 0/오류 0; remapJar 성공; 클라이언트 확인 대기"
"J05-P","warlock_towers","악마의 동업","구현 완료·자동 검증 완료","테스트: WarlockAugmentTest.partnershipSharesGrowthWithoutSacrificeCountersOrAttackSpeed; WarlockAugmentTest.partnershipSecondCoreCostsSevenHundredAndDoesNotPreventAwakening; BuilderAugmentTransactionGameTest.secondWarlockCoreChargesQuotedSevenHundredAndPreservesFailedPurchase; EndAugmentGameTest.warlockAbsorptionFiresOnceAndSharesOnlyGrowth; 2026-09-21 14:44:34 KST Java 21 전체 게이트 재실행 통과: 필수 GameTest 668 통과; JUnit 1312 등록/1310 통과/2 건너뜀/실패 0/오류 0; remapJar 성공; 클라이언트 확인 대기"
"J06-S","legion_towers","트릭 쇼","구현 완료·자동 검증 완료","테스트: LegionAugmentGameTest.trickShowPreventsLethalOnceAndCharismaDoesNotChargeFromExtraAttacks; 2026-09-21 14:44:34 KST Java 21 전체 게이트 재실행 통과: 필수 GameTest 668 통과; JUnit 1312 등록/1310 통과/2 건너뜀/실패 0/오류 0; remapJar 성공; 클라이언트 확인 대기"
"J06-G1","legion_towers","파워레인저","구현 완료·자동 검증 완료","테스트: LegionAugmentGameTest.mergedFactoryPreservesEveryMaterialGenerationAndAddsSplash; LegionAugmentGameTest.mergePreservesOtherBodiesWhenOneSourceIsRemovedAndFactoryChoosesInvestment; 2026-09-21 14:44:34 KST Java 21 전체 게이트 재실행 통과: 필수 GameTest 668 통과; JUnit 1312 등록/1310 통과/2 건너뜀/실패 0/오류 0; remapJar 성공; 클라이언트 확인 대기"
"J06-G2","legion_towers","카리스마","구현 완료·자동 검증 완료","테스트: LegionAugmentGameTest.trickShowPreventsLethalOnceAndCharismaDoesNotChargeFromExtraAttacks; 2026-09-21 14:44:34 KST Java 21 전체 게이트 재실행 통과: 필수 GameTest 668 통과; JUnit 1312 등록/1310 통과/2 건너뜀/실패 0/오류 0; remapJar 성공; 클라이언트 확인 대기"
"J06-P","legion_towers","복제 공장","구현 완료·자동 검증 완료","테스트: LegionAugmentGameTest.factoryFourInitialClonesMakeEightChildrenAndStopAtThirdGeneration; LegionAugmentGameTest.factoryEightInitialClonesShareTwelveReservationsEvenAfterDeath; LegionAugmentGameTest.mergedFactoryPreservesEveryMaterialGenerationAndAddsSplash; 2026-09-21 14:44:34 KST Java 21 전체 게이트 재실행 통과: 필수 GameTest 668 통과; JUnit 1312 등록/1310 통과/2 건너뜀/실패 0/오류 0; remapJar 성공; 클라이언트 확인 대기"
"J07-S","resonance_towers","인터넷 친구","구현 완료·자동 검증 완료","테스트: ResonanceAugmentsTest.internetFriendUsesHighestUnlinkedNearestCandidateAndDoesNotAccumulate; ResonanceAugmentsTest.internetFriendNeverCountsAnExistingConnectionTwice; 2026-09-21 14:44:34 KST Java 21 전체 게이트 재실행 통과: 필수 GameTest 668 통과; JUnit 1312 등록/1310 통과/2 건너뜀/실패 0/오류 0; remapJar 성공; 클라이언트 확인 대기"
"J07-G1","resonance_towers","원격 연결","구현 완료·자동 검증 완료","테스트: ResonanceAugmentsTest.remoteLinksReachThreeBlocksAndGrantStatsOnlyAtThreeLinks; 2026-09-21 14:44:34 KST Java 21 전체 게이트 재실행 통과: 필수 GameTest 668 통과; JUnit 1312 등록/1310 통과/2 건너뜀/실패 0/오류 0; remapJar 성공; 클라이언트 확인 대기"
"J07-G2","resonance_towers","화음","구현 완료·자동 검증 완료","테스트: JobAdvAnimalResonanceGameTest.harmonyUsesCurrentTierCapAndHitsAtMostTwelveIncludingPrimary; 2026-09-21 14:44:34 KST Java 21 전체 게이트 재실행 통과: 필수 GameTest 668 통과; JUnit 1312 등록/1310 통과/2 건너뜀/실패 0/오류 0; remapJar 성공; 클라이언트 확인 대기"
"J07-P","resonance_towers","공명 순환","구현 완료·자동 검증 완료","테스트: ResonanceAugmentsTest.cycleWaitsSixSecondsDoesNotRepeatSameTickAndKeepsUpgradeDeadline; JobAdvAnimalResonanceGameTest.cycleAttacksFiveHighestResonanceTowersWithoutChargingHarmonyOrRepeating; JobAdvAnimalResonanceGameTest.cycleSkipsOutOfRangeEnemiesAndDoesNotDeferAMissedAttack; 2026-09-21 14:44:34 KST Java 21 전체 게이트 재실행 통과: 필수 GameTest 668 통과; JUnit 1312 등록/1310 통과/2 건너뜀/실패 0/오류 0; remapJar 성공; 클라이언트 확인 대기"
"J08-S","illager_towers","흉조","구현 완료·자동 검증 완료","테스트: AugmentCombatGameTest.jobOmenStartsAfterFirstHitAndKeepsCaptainMark; IllagerMarkTest.omenRefreshesWithoutStackingAndKeepsOtherOwnersAndCaptainMark; 2026-09-21 14:44:34 KST Java 21 전체 게이트 재실행 통과: 필수 GameTest 668 통과; JUnit 1312 등록/1310 통과/2 건너뜀/실패 0/오류 0; remapJar 성공; 클라이언트 확인 대기"
"J08-G1","illager_towers","매복","구현 완료·자동 검증 완료","테스트: IllagerAugmentsGameTest.ambushStartsRaidImmediatelyAndAddsThirtyPercentAttackSpeedForEightSeconds; 2026-09-21 14:44:34 KST Java 21 전체 게이트 재실행 통과: 필수 GameTest 668 통과; JUnit 1312 등록/1310 통과/2 건너뜀/실패 0/오류 0; remapJar 성공; 클라이언트 확인 대기"
"J08-G2","illager_towers","다음은 너야","구현 완료·자동 검증 완료","테스트: IllagerMarkTest.transferredNativeAndOmenMarksRegainFullDurationAndKeepForcedTargetingWithoutStacking; IllagerMarkTest.expiredMarksCannotTransfer; IllagerAugmentsGameTest.markedCorpseTransfersNativeAndOmenToThreeNearbyEnemiesOnce; IllagerAugmentsGameTest.commonAugmentTowerKillTransfersMarksButAnExtraAttackKillCannot; 2026-09-21 14:44:34 KST Java 21 전체 게이트 재실행 통과: 필수 GameTest 668 통과; JUnit 1312 등록/1310 통과/2 건너뜀/실패 0/오류 0; remapJar 성공; 클라이언트 확인 대기"
"J08-P","illager_towers","대습격","구현 완료·자동 검증 완료","테스트: IllagerRaidStateTest.grandRaidAccumulatesOnlyAfterActivationConsumesFiftiesAndResets; IllagerRaidStateTest.ordinaryRaidsNeverAcquireGrandRaidCharges; IllagerAugmentsGameTest.grandRaidConsumesFiftyGaugeAndOnlyAttackingTowersFireWithoutRecharging; 2026-09-21 14:44:34 KST Java 21 전체 게이트 재실행 통과: 필수 GameTest 668 통과; JUnit 1312 등록/1310 통과/2 건너뜀/실패 0/오류 0; remapJar 성공; 클라이언트 확인 대기"
"J09-S","nether","방혈","구현 완료·자동 검증 완료","테스트: NetherAugmentsTest.bloodChargesPreserveOverflowUseOnePerBasicAttackAndReset; NetherAugmentsTest.upgradeCopiesChargesIndependentlyAndNonNaturalDamageDoesNotCharge; NetherAugmentsGameTest.bloodlettingChargesFromActualReducedDecayAndHotBloodedUsesSixtyPercent; 2026-09-21 14:44:34 KST Java 21 전체 게이트 재실행 통과: 필수 GameTest 668 통과; JUnit 1312 등록/1310 통과/2 건너뜀/실패 0/오류 0; remapJar 성공; 클라이언트 확인 대기"
"J09-G1","nether","다혈질","구현 완료·자동 검증 완료","테스트: NetherAugmentsGameTest.bloodlettingChargesFromActualReducedDecayAndHotBloodedUsesSixtyPercent; NetherAugmentsGameTest.hotBloodedDoesNotGrantCriticalEffectsAboveSixtyPercentHealth; 2026-09-21 14:44:34 KST Java 21 전체 게이트 재실행 통과: 필수 GameTest 668 통과; JUnit 1312 등록/1310 통과/2 건너뜀/실패 0/오류 0; remapJar 성공; 클라이언트 확인 대기"
"J09-G2","nether","2 페이즈","구현 완료·자동 검증 완료","테스트: NetherAugmentsTest.secondPhasePreventsEveryDamagePathFromDroppingBelowOneUntilSixtyTicks; NetherAugmentsGameTest.phaseClampsNaturalLossAndAddsExactPhysicalSplashWithoutRecursiveProc; 2026-09-21 14:44:34 KST Java 21 전체 게이트 재실행 통과: 필수 GameTest 668 통과; JUnit 1312 등록/1310 통과/2 건너뜀/실패 0/오류 0; remapJar 성공; 클라이언트 확인 대기"
"J09-P","nether","불사의 토템","구현 완료·자동 검증 완료","테스트: NetherAugmentsTest.totemRevivesAfterDeathAtTwentyTicksOnceAndOnlyAsZombie; NetherAugmentsGameTest.totemRespawnsActualZombieDeathOnceAtSamePosition; 2026-09-21 14:44:34 KST Java 21 전체 게이트 재실행 통과: 필수 GameTest 668 통과; JUnit 1312 등록/1310 통과/2 건너뜀/실패 0/오류 0; remapJar 성공; 클라이언트 확인 대기"
"J10-S","end_towers","공허 지뢰","구현 완료·자동 검증 완료","테스트: EndAugmentTest.successfulTransfersTakeHalfTimeAndLeaveOneMineEach; EndAugmentTest.interruptedTransfersGrantNeitherMineNorCharge; EndAugmentGameTest.voidMineSurvivesCoreDeathAndUsesEightTargetCap; 2026-09-21 14:44:34 KST Java 21 전체 게이트 재실행 통과: 필수 GameTest 668 통과; JUnit 1312 등록/1310 통과/2 건너뜀/실패 0/오류 0; remapJar 성공; 클라이언트 확인 대기"
"J10-G1","end_towers","폭풍 성장","구현 완료·자동 검증 완료","테스트: EndAugmentTest.successfulTransfersTakeHalfTimeAndLeaveOneMineEach; EndAugmentTest.interruptedTransfersGrantNeitherMineNorCharge; EndAugmentTest.everyThirdCompletionStoresOnlyOneChargeAndResetsAtRoundEnd; EndAugmentGameTest.growthHitsNativeSecondaryTargetsOnceAndExtraAttacksCannotConsumeItsCharge; 2026-09-21 14:44:34 KST Java 21 전체 게이트 재실행 통과: 필수 GameTest 668 통과; JUnit 1312 등록/1310 통과/2 건너뜀/실패 0/오류 0; remapJar 성공; 클라이언트 확인 대기"
"J10-G2","end_towers","삼중 브레스","구현 완료·자동 검증 완료","테스트: EndAugmentTest.breathUsesTwelveByThreeForwardRectangle; EndAugmentGameTest.breathFiresTwiceFourTicksApartAndReselectsInsideRange; 2026-09-21 14:44:34 KST Java 21 전체 게이트 재실행 통과: 필수 GameTest 668 통과; JUnit 1312 등록/1310 통과/2 건너뜀/실패 0/오류 0; remapJar 성공; 클라이언트 확인 대기"
"J10-P","end_towers","쌍둥이 용","구현 완료·자동 검증 완료","테스트: EndAugmentTest.twinKeepsHatchedFormAndHalfSnapshotWithoutGrowthOrAnotherTwin; 2026-09-21 14:44:34 KST Java 21 전체 게이트 재실행 통과: 필수 GameTest 668 통과; JUnit 1312 등록/1310 통과/2 건너뜀/실패 0/오류 0; remapJar 성공; 클라이언트 대표 장면 확인: 부화 후 팬텀 모델과 피격 표시; 서버 기록: 별도 복제본·체력 50%·피해 50%; 정지 시험에서 원본과 겹침: 정상 이동 중 가독성 재확인 필요; 근거: 2026-09-21-season-3-builder-augment-client-qa.ko.md"
"J11-S","ocean","물 돌려쓰기","구현 완료·자동 검증 완료","테스트: OceanAugmentsTest.recyclePreservesPreAttenuationAllocationAndNeverSuppliesCappedRecipients; OceanAugmentsGameTest.recyclingUsesConnectedTargetsAndAppliesTwoSourceDecayOnce; 2026-09-21 14:44:34 KST Java 21 전체 게이트 재실행 통과: 필수 GameTest 668 통과; JUnit 1312 등록/1310 통과/2 건너뜀/실패 0/오류 0; remapJar 성공; 클라이언트 확인 대기"
"J11-G1","ocean","만조","구현 완료·자동 검증 완료","테스트: OceanAugmentsTest.highTideScalesSupplyAndSoftCapAndFloorsOnlyWaterUsers; OceanAugmentsGameTest.recyclingUsesConnectedTargetsAndAppliesTwoSourceDecayOnce; 2026-09-21 14:44:34 KST Java 21 전체 게이트 재실행 통과: 필수 GameTest 668 통과; JUnit 1312 등록/1310 통과/2 건너뜀/실패 0/오류 0; remapJar 성공; 클라이언트 확인 대기"
"J11-G2","ocean","거센 해류","구현 완료·자동 검증 완료","테스트: OceanAugmentsTest.currentCountsActualSpendAccumulatesAndConsumesOnePerBasicAttack; OceanAugmentsGameTest.currentHitsTwelveEnemiesAsMagicAndSpendsOnlyOneStoredCharge; 2026-09-21 14:44:34 KST Java 21 전체 게이트 재실행 통과: 필수 GameTest 668 통과; JUnit 1312 등록/1310 통과/2 건너뜀/실패 0/오류 0; remapJar 성공; 클라이언트 확인 대기"
"J11-P","ocean","밀물","구현 완료·자동 검증 완료","테스트: OceanAugmentsTest.tideStartsAtTwelveSecondsMaintainsFourSecondsAndPreservesWaterAboveCap; 2026-09-21 14:44:34 KST Java 21 전체 게이트 재실행 통과: 필수 GameTest 668 통과; JUnit 1312 등록/1310 통과/2 건너뜀/실패 0/오류 0; remapJar 성공; 클라이언트 확인 대기"
"J12-S","ancient_city","감지 공유","구현 완료·자동 검증 완료","테스트: AncientCityAugmentsTest.sameSharedMarkRefreshesInsteadOfStacking; AncientCityAugmentsGameTest.detectionSharesWithTwoUnmarkedEnemiesForFullDuration; 2026-09-21 14:44:34 KST Java 21 전체 게이트 재실행 통과: 필수 GameTest 668 통과; JUnit 1312 등록/1310 통과/2 건너뜀/실패 0/오류 0; remapJar 성공; 클라이언트 확인 대기"
"J12-G1","ancient_city","영역 전개","구현 완료·자동 검증 완료","테스트: AncientCityAugmentsGameTest.domainExpansionExtendsBasicAndSpellRangeOnlyAcrossOwnedSculk; 2026-09-21 14:44:34 KST Java 21 전체 게이트 재실행 통과: 필수 GameTest 668 통과; JUnit 1312 등록/1310 통과/2 건너뜀/실패 0/오류 0; remapJar 성공; 클라이언트 확인 대기"
"J12-G2","ancient_city","연쇄 소닉 붐","구현 완료·자동 검증 완료","테스트: AncientCityAugmentsTest.chainSonicAddsThreeTargetsAndRestoresFullSecondaryDamage; AncientCityAugmentsGameTest.chainSonicUsesFullMarkedSecondaryDamageAndAddsThreeTargets; 2026-09-21 14:44:34 KST Java 21 전체 게이트 재실행 통과: 필수 GameTest 668 통과; JUnit 1312 등록/1310 통과/2 건너뜀/실패 0/오류 0; remapJar 성공; 클라이언트 확인 대기"
"J12-P","ancient_city","깨어난 도시","구현 완료·자동 검증 완료","테스트: AncientCityAugmentsGameTest.awakenedCityUsesStrongestWardenAndSixSitesWithSharedCooldown; AncientCityAugmentsGameTest.awakenedCityDeduplicatesCellsAndCapsEachPulseAtEightEnemies; 2026-09-21 14:44:34 KST Java 21 전체 게이트 재실행 통과: 필수 GameTest 668 통과; JUnit 1312 등록/1310 통과/2 건너뜀/실패 0/오류 0; remapJar 성공; 클라이언트 확인 대기"
"J13-S","hero_party","합동 공격","구현 완료·자동 검증 완료","테스트: HeroAugmentsTest.companionRotationKeepsPlacementOrderSkipsDeadAndPreservesUpgradeIdentity; HeroAdversaryAugmentGameTest.heroRotatesCompanionsAndGeneratedAttacksDoNotCharge; 2026-09-21 14:44:34 KST Java 21 전체 게이트 재실행 통과: 필수 GameTest 668 통과; JUnit 1312 등록/1310 통과/2 건너뜀/실패 0/오류 0; remapJar 성공; 클라이언트 확인 대기"
"J13-G1","hero_party","주인공 버프","구현 완료·자동 검증 완료","테스트: HeroAugmentsTest.protagonistUnlockDoesNotUpgradeDamagePriceOrIntervalAndAmplifiesAtActualFive; 2026-09-21 14:44:34 KST Java 21 전체 게이트 재실행 통과: 필수 GameTest 668 통과; JUnit 1312 등록/1310 통과/2 건너뜀/실패 0/오류 0; remapJar 성공; 클라이언트 확인 대기"
"J13-G2","hero_party","합동 공격","구현 완료·자동 검증 완료","테스트: HeroAdversaryAugmentGameTest.heroPartyBlastRequiresFourLivingCompanionsAndCapsTwelveTargets; 2026-09-21 14:44:34 KST Java 21 전체 게이트 재실행 통과: 필수 GameTest 668 통과; JUnit 1312 등록/1310 통과/2 건너뜀/실패 0/오류 0; remapJar 성공; 클라이언트 확인 대기"
"J13-P","hero_party","전설의 용사","구현 완료·자동 검증 완료","테스트: HeroAugmentsTest.legendIncreasesOnlyHeroWeaponDamageAndHealth; HeroAugmentsTest.legendarySlashUsesTwelveByThreeRectangleWithoutHittingBehind; HeroAdversaryAugmentGameTest.legendarySlashUsesPhysicalDamageAndTwelveTargetCap; HeroAdversaryAugmentGameTest.selectionRefreshesHeroAndFoxHealthWithoutLosingTimedBonusesOrHealthFraction; 2026-09-21 14:44:34 KST Java 21 전체 게이트 재실행 통과: 필수 GameTest 668 통과; JUnit 1312 등록/1310 통과/2 건너뜀/실패 0/오류 0; remapJar 성공; 클라이언트 확인 대기"
"J14-S","succubus","고약한 잠버릇","구현 완료·자동 검증 완료","테스트: SuccubusGameTest.sleepAttackWaitsFortyTicksAndRetainsNativeDreamDustAttack; 2026-09-21 14:44:34 KST Java 21 전체 게이트 재실행 통과: 필수 GameTest 668 통과; JUnit 1312 등록/1310 통과/2 건너뜀/실패 0/오류 0; remapJar 성공; 클라이언트 확인 대기"
"J14-G1","succubus","루시드 드림","구현 완료·자동 검증 완료","테스트: SuccubusGameTest.lucidDreamEnhancesOnlyAlliedDreamBonusesAndPreventsTheirSleep; 2026-09-21 14:44:34 KST Java 21 전체 게이트 재실행 통과: 필수 GameTest 668 통과; JUnit 1312 등록/1310 통과/2 건너뜀/실패 0/오류 0; remapJar 성공; 클라이언트 확인 대기"
"J14-G2","succubus","악몽 전염","구현 완료·자동 검증 완료","테스트: SuccubusGameTest.nightmareContagionStopsAfterTwoGenerationsAndTwoTargets; 2026-09-21 14:44:34 KST Java 21 전체 게이트 재실행 통과: 필수 GameTest 668 통과; JUnit 1312 등록/1310 통과/2 건너뜀/실패 0/오류 0; remapJar 성공; 클라이언트 확인 대기"
"J14-P","succubus","몽유병","구현 완료·자동 검증 완료","테스트: SuccubusGameTest.sleepwalkingLimitsThreeEnemiesAndNeverBypassesStun; 2026-09-21 14:44:34 KST Java 21 전체 게이트 재실행 통과: 필수 GameTest 668 통과; JUnit 1312 등록/1310 통과/2 건너뜀/실패 0/오류 0; remapJar 성공; 클라이언트 확인 대기"
"J15-S","adversary_towers","다크 히어로","구현 완료·자동 검증 완료","테스트: HeroAdversaryAugmentGameTest.darkHeroRequiresOtherOwnedTowerAndExplodesOnlyOnce; 2026-09-21 14:44:34 KST Java 21 전체 게이트 재실행 통과: 필수 GameTest 668 통과; JUnit 1312 등록/1310 통과/2 건너뜀/실패 0/오류 0; remapJar 성공; 클라이언트 확인 대기"
"J15-G1","adversary_towers","라이벌 매치","구현 완료·자동 검증 완료","테스트: AugmentCombatGameTest.jobRivalMatchAddsHealingAndRefreshesWithoutDuplicateCredit; HeroAdversaryAugmentGameTest.adaptationUsesOpeningCapsAndClearsWhileRivalMatchRejectsGeneratedKills; 2026-09-21 14:44:34 KST Java 21 전체 게이트 재실행 통과: 필수 GameTest 668 통과; JUnit 1312 등록/1310 통과/2 건너뜀/실패 0/오류 0; remapJar 성공; 클라이언트 확인 대기"
"J15-G2","adversary_towers","적응","구현 완료·자동 검증 완료","테스트: AdversaryAugmentsTest.adaptationCapsAgainstOpeningStatsInsteadOfGrowingCap; HeroAdversaryAugmentGameTest.adaptationUsesOpeningCapsAndClearsWhileRivalMatchRejectsGeneratedKills; 2026-09-21 14:44:34 KST Java 21 전체 게이트 재실행 통과: 필수 GameTest 668 통과; JUnit 1312 등록/1310 통과/2 건너뜀/실패 0/오류 0; remapJar 성공; 클라이언트 확인 대기"
"J15-P","adversary_towers","최종장","구현 완료·자동 검증 완료","테스트: AdversaryAugmentsTest.finalePassiveAffectsEveryFinalFormAndNoEarlierForm; HeroAdversaryAugmentGameTest.finaleAddsTwoDistinctTargetsForTenSeconds; HeroAdversaryAugmentGameTest.selectionRefreshesHeroAndFoxHealthWithoutLosingTimedBonusesOrHealthFraction; 2026-09-21 14:44:34 KST Java 21 전체 게이트 재실행 통과: 필수 GameTest 668 통과; JUnit 1312 등록/1310 통과/2 건너뜀/실패 0/오류 0; remapJar 성공; 클라이언트 확인 대기"
"J16-S","engineer_towers","관통 탄환","구현 완료·자동 검증 완료","테스트: EngineerGameTest.augmentBurstPiercesOnlyPrimaryAndReselectsFourTickFollowups; 2026-09-21 14:44:34 KST Java 21 전체 게이트 재실행 통과: 필수 GameTest 668 통과; JUnit 1312 등록/1310 통과/2 건너뜀/실패 0/오류 0; remapJar 성공; 클라이언트 확인 대기"
"J16-G1","engineer_towers","무한 회로","구현 완료·자동 검증 완료","테스트: EngineerGameTest.augmentBurstPiercesOnlyPrimaryAndReselectsFourTickFollowups; EngineerGameTest.suppressedDispenserSignalCannotQueueAugmentBullets; 2026-09-21 14:44:34 KST Java 21 전체 게이트 재실행 통과: 필수 GameTest 668 통과; JUnit 1312 등록/1310 통과/2 건너뜀/실패 0/오류 0; remapJar 성공; 클라이언트 대표 장면 확인: 회로 입자·공격선·피격 표시; 서버 기록: 레인 1·5·9틱에 세 발 정산; 저속 촬영이므로 화면만으로 정상 속도 간격을 판정하지 않음; 근거: 2026-09-21-season-3-builder-augment-client-qa.ko.md"
"J16-G2","engineer_towers","폭발은 예술이다!","구현 완료·자동 검증 완료","테스트: AugmentCombatGameTest.jobTntRepeatsAtFixedPositionWithSnapshotDamageAndCancelsOnReset; EngineerGameTest.tntRepeatSuppressesKillTriggersAndSuppressedExplosionCannotRepeat; 2026-09-21 14:44:34 KST Java 21 전체 게이트 재실행 통과: 필수 GameTest 668 통과; JUnit 1312 등록/1310 통과/2 건너뜀/실패 0/오류 0; remapJar 성공; 클라이언트 확인 대기"
"J16-P","engineer_towers","전자동 공장","구현 완료·자동 검증 완료","테스트: EngineerGameTest.automaticFactoryRequiresConnectedOwnPlateWithoutCountingPresses; 2026-09-21 14:44:34 KST Java 21 전체 게이트 재실행 통과: 필수 GameTest 668 통과; JUnit 1312 등록/1310 통과/2 건너뜀/실패 0/오류 0; remapJar 성공; 클라이언트 확인 대기"
"J17-S","queen_towers","땅울림","구현 완료·자동 검증 완료","테스트: QueenGameTest.returningGiantRechecksPreviouslyContactedEnemyAndTransfersExecutionShrink; 2026-09-21 14:44:34 KST Java 21 전체 게이트 재실행 통과: 필수 GameTest 668 통과; JUnit 1312 등록/1310 통과/2 건너뜀/실패 0/오류 0; remapJar 성공; 클라이언트 확인 대기"
"J17-G1","queen_towers","근위대","구현 완료·자동 검증 완료","테스트: QueenGameTest.jokerTicketsGuardAuraAndRowBonusUseTheNativeCards; 2026-09-21 14:44:34 KST Java 21 전체 게이트 재실행 통과: 필수 GameTest 668 통과; JUnit 1312 등록/1310 통과/2 건너뜀/실패 0/오류 0; remapJar 성공; 클라이언트 확인 대기"
"J17-G2","queen_towers","궁정 광대","구현 완료·자동 검증 완료","테스트: QueenTowerCatalogTest.threeJokersUseDuplicateRanksAndKeepTheirSuitsForEqualBestHands; QueenTowerCatalogTest.jokerCanAdoptTheSuitNeededForRoyalFlushWithoutChangingTheOtherCards; QueenTowerCatalogTest.jokerKeepsApprovedBaseStatsAndHasZeroRefund; QueenGameTest.jokerTicketsGuardAuraAndRowBonusUseTheNativeCards; JobAugmentSelectionGameTest.acquisitionGrantsApplyExactlyOnceAcrossDuplicateClicksAndConfirms; 2026-09-21 14:44:34 KST Java 21 전체 게이트 재실행 통과: 필수 GameTest 668 통과; JUnit 1312 등록/1310 통과/2 건너뜀/실패 0/오류 0; remapJar 성공; 클라이언트 확인 대기"
"J17-P","queen_towers","왕실 부메랑","구현 완료·자동 검증 완료","테스트: QueenGameTest.returningGiantRechecksPreviouslyContactedEnemyAndTransfersExecutionShrink; 2026-09-21 14:44:34 KST Java 21 전체 게이트 재실행 통과: 필수 GameTest 668 통과; JUnit 1312 등록/1310 통과/2 건너뜀/실패 0/오류 0; remapJar 성공; 클라이언트 확인 대기"
"J18-S","atlantis","쓰나미","구현 완료·자동 검증 완료","테스트: AtlantisIntegrationGameTest.tsunamiWaitsSixSecondsAndPullsOneEdgeEnemyAtMostTwoBlocks; 2026-09-21 14:44:34 KST Java 21 전체 게이트 재실행 통과: 필수 GameTest 668 통과; JUnit 1312 등록/1310 통과/2 건너뜀/실패 0/오류 0; remapJar 성공; 클라이언트 확인 대기"
"J18-G1","atlantis","심해 압력","구현 완료·자동 검증 완료","테스트: AtlantisPressureTest.deepPressureUsesFourTimesCapWithoutChangingTheNativeCap; AtlantisIntegrationGameTest.deepPressureSpreadsToOnlyTwoEnemiesAndExtraAttacksDoNotSpread; 2026-09-21 14:44:34 KST Java 21 전체 게이트 재실행 통과: 필수 GameTest 668 통과; JUnit 1312 등록/1310 통과/2 건너뜀/실패 0/오류 0; remapJar 성공; 클라이언트 확인 대기"
"J18-G2","atlantis","압도적인 존재","구현 완료·자동 검증 완료","테스트: AtlantisIntegrationGameTest.turtleDeathFillsOnlyTwelveCarriersAndKeepsNativeMagicAttribution; 2026-09-21 14:44:34 KST Java 21 전체 게이트 재실행 통과: 필수 GameTest 668 통과; JUnit 1312 등록/1310 통과/2 건너뜀/실패 0/오류 0; remapJar 성공; 클라이언트 확인 대기"
"J18-P","atlantis","연쇄 폭발","구현 완료·자동 검증 완료","테스트: AtlantisPressureTest.augmentChainStopsAtTwelveUniqueMonstersAcrossSiblingBranches; AtlantisIntegrationGameTest.deepPressureSpreadsToOnlyTwoEnemiesAndExtraAttacksDoNotSpread; AtlantisIntegrationGameTest.chainExplosionRecursInsideZonesButStopsAfterTwelveUniqueCarriers; 2026-09-21 14:44:34 KST Java 21 전체 게이트 재실행 통과: 필수 GameTest 668 통과; JUnit 1312 등록/1310 통과/2 건너뜀/실패 0/오류 0; remapJar 성공; 클라이언트 확인 대기"
"J19-S","plant_towers","파고드는 줄기","구현 완료·자동 검증 완료","테스트: PlantIntegrationGameTest.rootsStunOnlyOnTheFirstSoilEntryOfEachRound; 2026-09-21 14:44:34 KST Java 21 전체 게이트 재실행 통과: 필수 GameTest 668 통과; JUnit 1312 등록/1310 통과/2 건너뜀/실패 0/오류 0; remapJar 성공; 클라이언트 확인 대기"
"J19-G1","plant_towers","급속 개화","구현 완료·자동 검증 완료","테스트: PlantIntegrationGameTest.rapidGrowthAndManualWorldTreePreserveStacksSoilAndHealthRatio; JobAugmentSelectionGameTest.acquisitionGrantsApplyExactlyOnceAcrossDuplicateClicksAndConfirms; 2026-09-21 14:44:34 KST Java 21 전체 게이트 재실행 통과: 필수 GameTest 668 통과; JUnit 1312 등록/1310 통과/2 건너뜀/실패 0/오류 0; remapJar 성공; 클라이언트 확인 대기"
"J19-G2","plant_towers","포자 증식","구현 완료·자동 검증 완료","테스트: PlantIntegrationGameTest.sporeRearmsAfterThreeSecondsAndReusesEightyPercentOfTheFirstBlast; 2026-09-21 14:44:34 KST Java 21 전체 게이트 재실행 통과: 필수 GameTest 668 통과; JUnit 1312 등록/1310 통과/2 건너뜀/실패 0/오류 0; remapJar 성공; 클라이언트 확인 대기"
"J19-P","plant_towers","세계수","구현 완료·자동 검증 완료","테스트: PlantIntegrationGameTest.rapidGrowthAndManualWorldTreePreserveStacksSoilAndHealthRatio; JobAugmentSelectionGameTest.allFourManualJobCardsRejectWrongClassForeignOwnerAndTemporaryCopies; 2026-09-21 14:44:34 KST Java 21 전체 게이트 재실행 통과: 필수 GameTest 668 통과; JUnit 1312 등록/1310 통과/2 건너뜀/실패 0/오류 0; remapJar 성공; 클라이언트 확인 대기"
"J20-S","army","특별진급","구현 완료·자동 검증 완료","테스트: ArmyAugmentsTest.thirdWaveKillPromotesOnlyOnceAndExtraAttacksCannotChargeIt; ArmyGameTest.specialPromotionCountsOnlyWaveKillsAndRetirementFundsOneRankedStarter; 2026-09-21 14:44:34 KST Java 21 전체 게이트 재실행 통과: 필수 GameTest 668 통과; JUnit 1312 등록/1310 통과/2 건너뜀/실패 0/오류 0; remapJar 성공; 클라이언트 확인 대기"
"J20-G1","army","말년짬","구현 완료·자동 검증 완료","테스트: ArmyAugmentsTest.veteransAggregateOnlyNearbySameTypeLowerRankAttacks; ArmyGameTest.veteranThirdJuniorAttackUsesSeniorPrePenaltyDamageAndOriginalDamageType; 2026-09-21 14:44:34 KST Java 21 전체 게이트 재실행 통과: 필수 GameTest 668 통과; JUnit 1312 등록/1310 통과/2 건너뜀/실패 0/오류 0; remapJar 성공; 클라이언트 확인 대기"
"J20-G2","army","군적금","구현 완료·자동 검증 완료","테스트: ArmyAugmentsTest.retirementTicketIsOnePerRoundOneStoredAndCombatStarterOnly; ArmyGameTest.specialPromotionCountsOnlyWaveKillsAndRetirementFundsOneRankedStarter; BuilderAugmentTransactionGameTest.freeArmyStarterSurvivesFailedPlacementThenPromotesWithoutSaleValue; 2026-09-21 14:44:34 KST Java 21 전체 게이트 재실행 통과: 필수 GameTest 668 통과; JUnit 1312 등록/1310 통과/2 건너뜀/실패 0/오류 0; remapJar 성공; 클라이언트 확인 대기"
"J20-P","army","예비군 1년차","구현 완료·자동 검증 완료","테스트: ArmyAugmentsTest.reservesKeepLatestTwoSnapshotsWithoutRankOrDuplicateMedalScaling; ArmyGameTest.artilleryReserveUsesRetirementSnapshotKeepsSplashAndExpiresWithRound; 2026-09-21 14:44:34 KST Java 21 전체 게이트 재실행 통과: 필수 GameTest 668 통과; JUnit 1312 등록/1310 통과/2 건너뜀/실패 0/오류 0; remapJar 성공; 클라이언트 확인 대기"
"J21-S","thunder","축전지","구현 완료·자동 검증 완료","테스트: ThunderGameTest.augmentBatteryStoresThreeShotsAndDischargesOnlyOnce; 2026-09-21 14:44:34 KST Java 21 전체 게이트 재실행 통과: 필수 GameTest 668 통과; JUnit 1312 등록/1310 통과/2 건너뜀/실패 0/오류 0; remapJar 성공; 클라이언트 확인 대기"
"J21-G1","thunder","도토리 발전소","구현 완료·자동 검증 완료","테스트: ThunderPowerTest.acornPowerDoublesRodOutputSurvivesCombatDeathAndStopsAfterRemoval; 2026-09-21 14:44:34 KST Java 21 전체 게이트 재실행 통과: 필수 GameTest 668 통과; JUnit 1312 등록/1310 통과/2 건너뜀/실패 0/오류 0; remapJar 성공; 클라이언트 확인 대기"
"J21-G2","thunder","람쥐 썬더","구현 완료·자동 검증 완료","테스트: ThunderGameTest.augmentGodLightningAddsThreeTargetsAtFullDamage; 2026-09-21 14:44:34 KST Java 21 전체 게이트 재실행 통과: 필수 GameTest 668 통과; JUnit 1312 등록/1310 통과/2 건너뜀/실패 0/오류 0; remapJar 성공; 클라이언트 확인 대기"
"J21-P","thunder","생체 중계기","구현 완료·자동 검증 완료","테스트: ThunderGameTest.augmentRelaysEachHitFiveNewEnemiesWithoutDuplicates; 2026-09-21 14:44:34 KST Java 21 전체 게이트 재실행 통과: 필수 GameTest 668 통과; JUnit 1312 등록/1310 통과/2 건너뜀/실패 0/오류 0; remapJar 성공; 클라이언트 확인 대기"
"J22-S","demon_lord_towers","마무리 동작","구현 완료·자동 검증 완료","테스트: DemonLordAugmentsTest.finisherRequiresRealSpellHitExpiresAndConsumesOnce; DemonLordGameTest.augmentThronesReplayDamageOnlyWithoutCombatTowersOrCooldowns; 2026-09-21 14:44:34 KST Java 21 전체 게이트 재실행 통과: 필수 GameTest 668 통과; JUnit 1312 등록/1310 통과/2 건너뜀/실패 0/오류 0; remapJar 성공; 클라이언트 확인 대기"
"J22-G1","demon_lord_towers","2페이즈","구현 완료·자동 검증 완료","테스트: DemonLordAugmentsTest.phaseUsesDemonPoolAfterShieldAndOnlyOncePerWave; 2026-09-21 14:44:34 KST Java 21 전체 게이트 재실행 통과: 필수 GameTest 668 통과; JUnit 1312 등록/1310 통과/2 건너뜀/실패 0/오류 0; remapJar 성공; 클라이언트 확인 대기"
"J22-G2","demon_lord_towers","왐보콤보","구현 완료·자동 검증 완료","테스트: DemonLordAugmentsTest.comboRequiresThreeDistinctSkillsAndReducesOnlyOffensiveCooldowns; 2026-09-21 14:44:34 KST Java 21 전체 게이트 재실행 통과: 필수 GameTest 668 통과; JUnit 1312 등록/1310 통과/2 건너뜀/실패 0/오류 0; remapJar 성공; 클라이언트 확인 대기"
"J22-P","demon_lord_towers","두 개의 왕좌","구현 완료·자동 검증 완료","테스트: DemonLordAugmentsTest.thronesRequireTwoRecentDistinctHitsAndResetWithoutLeaking; DemonLordGameTest.augmentThronesReplayDamageOnlyWithoutCombatTowersOrCooldowns; 2026-09-21 14:44:34 KST Java 21 전체 게이트 재실행 통과: 필수 GameTest 668 통과; JUnit 1312 등록/1310 통과/2 건너뜀/실패 0/오류 0; remapJar 성공; 클라이언트 확인 대기"
"J23-S","gamble_towers","도박 보험","구현 완료·자동 검증 완료","테스트: GambleAugmentsTest.insuranceAddsOnlyHalfOppositeCombatEffectsAndPreservesBadRoll; GambleGameTest.insuranceOnlyCoversLowRollsExcludesInvalidTargetsAndPaysNoOppositeReward; 2026-09-21 14:44:34 KST Java 21 전체 게이트 재실행 통과: 필수 GameTest 668 통과; JUnit 1312 등록/1310 통과/2 건너뜀/실패 0/오류 0; remapJar 성공; 클라이언트 확인 대기"
"J23-G1","gamble_towers","쌍 주사위","구현 완료·자동 검증 완료","테스트: GambleAugmentsTest.doubleDiceUsesTwoActualLegalRollsAndOnlyTheHighest; 2026-09-21 14:44:34 KST Java 21 전체 게이트 재실행 통과: 필수 GameTest 668 통과; JUnit 1312 등록/1310 통과/2 건너뜀/실패 0/오류 0; remapJar 성공; 클라이언트 확인 대기"
"J23-G2","gamble_towers","바닥의 왕","구현 완료·자동 검증 완료","테스트: GambleAugmentsTest.bottomKingDoublesOnlyScoreLossAndReversesTheInsuredStatLoss; GambleAugmentsTest.onePurchaseSettlesEveryAttemptStopsOnSuccessAndChargesAllFailurePenaltyOnce; 2026-09-21 14:44:34 KST Java 21 전체 게이트 재실행 통과: 필수 GameTest 668 통과; JUnit 1312 등록/1310 통과/2 건너뜀/실패 0/오류 0; remapJar 성공; 클라이언트 확인 대기"
"J23-P","gamble_towers","끝장을 보자","구현 완료·자동 검증 완료","테스트: GambleAugmentsTest.onePurchaseSettlesEveryAttemptStopsOnSuccessAndChargesAllFailurePenaltyOnce; GambleAugmentsTest.jackpotStorageCapsAtThreeSurvivesPromotionAndClearsBetweenRounds; GambleGameTest.allInChargesOnePurchaseAndSettlesEveryAttempt; GambleGameTest.jackpotKeepsDamageTypeCapsTargetsAndIgnoresExtraAttackCallbacks; 2026-09-21 14:44:34 KST Java 21 전체 게이트 재실행 통과: 필수 GameTest 668 통과; JUnit 1312 등록/1310 통과/2 건너뜀/실패 0/오류 0; remapJar 성공; 클라이언트 확인 대기"
"J24-S","body","시선강탈","구현 완료·자동 검증 완료","테스트: BodyGameTest.augmentEyeFacesNearestEnemyAndAdrenalineHealsOnce; 2026-09-21 14:44:34 KST Java 21 전체 게이트 재실행 통과: 필수 GameTest 668 통과; JUnit 1312 등록/1310 통과/2 건너뜀/실패 0/오류 0; remapJar 성공; 클라이언트 확인 대기"
"J24-G1","body","두근두근","구현 완료·자동 검증 완료","테스트: BodyGameTest.augmentNormalHeartbeatAddsExactlyOneNativeOrganAction; 2026-09-21 14:44:34 KST Java 21 전체 게이트 재실행 통과: 필수 GameTest 668 통과; JUnit 1312 등록/1310 통과/2 건너뜀/실패 0/오류 0; remapJar 성공; 클라이언트 확인 대기"
"J24-G2","body","아드레날린","구현 완료·자동 검증 완료","테스트: BodyAugmentsTest.adrenalineHealthAppliesOnlyToHeartsAndPreservesHealthRatio; BodyGameTest.augmentEyeFacesNearestEnemyAndAdrenalineHealsOnce; 2026-09-21 14:44:34 KST Java 21 전체 게이트 재실행 통과: 필수 GameTest 668 통과; JUnit 1312 등록/1310 통과/2 건너뜀/실패 0/오류 0; remapJar 성공; 클라이언트 확인 대기"
"J24-P","body","예민한 피부","구현 완료·자동 검증 완료","테스트: BodyAugmentsTest.skinAccumulatesLossWithoutBankingWholeThresholdsAndResetsAtWaveStart; BodyAugmentsTest.skinCooldownIsPerHeartAndDoesNotRunBetweenWaves; BodyGameTest.augmentSkinIgnoresAbsorptionAndSelfDamageAndCapsEachLinkedHeart; 2026-09-21 14:44:34 KST Java 21 전체 게이트 재실행 통과: 필수 GameTest 668 통과; JUnit 1312 등록/1310 통과/2 건너뜀/실패 0/오류 0; remapJar 성공; 클라이언트 확인 대기"
"J25-S","pet_towers","집 밖도 좋아","구현 완료·자동 검증 완료","테스트: PetAugmentsTest.largerYardBindsDistanceTwoWithoutLengtheningDogAdjacency; 2026-09-21 14:44:34 KST Java 21 전체 게이트 재실행 통과: 필수 GameTest 668 통과; JUnit 1312 등록/1310 통과/2 건너뜀/실패 0/오류 0; remapJar 성공; 클라이언트 확인 대기"
"J25-G1","pet_towers","우리 동네 대장","구현 완료·자동 검증 완료","테스트: PetGameTest.designatedLeaderRalliesOneOfEachOtherSpeciesAndAdditionalAttacksDoNotCharge; JobAugmentSelectionGameTest.allFourManualJobCardsRejectWrongClassForeignOwnerAndTemporaryCopies; JobAugmentSelectionGameTest.targetToolSurvivesNextRoundAndRepeatedParticipantPlacement; 2026-09-21 14:44:34 KST Java 21 전체 게이트 재실행 통과: 필수 GameTest 668 통과; JUnit 1312 등록/1310 통과/2 건너뜀/실패 0/오류 0; remapJar 성공; 클라이언트 확인 대기"
"J25-G2","pet_towers","다 컸네, 다 컸어","구현 완료·자동 검증 완료","테스트: PetAugmentsTest.earlyCombatUnlockDoesNotChangeBondAppearanceOrUpgradeEligibility; PetGameTest.grownUpBirdHealsSelfAndOneAllyThenFamilyHealsThreeAllies; PetGameTest.earlyCatUsesNativeSplashBeforeUpgradeGrowth; 2026-09-21 14:44:34 KST Java 21 전체 게이트 재실행 통과: 필수 GameTest 668 통과; JUnit 1312 등록/1310 통과/2 건너뜀/실패 0/오류 0; remapJar 성공; 클라이언트 확인 대기"
"J25-P","pet_towers","우리 가족","구현 완료·자동 검증 완료","테스트: PetAugmentsTest.familyNeedsActualAdultsAndSharesPackHealthWithoutHealing; PetGameTest.grownUpBirdHealsSelfAndOneAllyThenFamilyHealsThreeAllies; 2026-09-21 14:44:34 KST Java 21 전체 게이트 재실행 통과: 필수 GameTest 668 통과; JUnit 1312 등록/1310 통과/2 건너뜀/실패 0/오류 0; remapJar 성공; 클라이언트 확인 대기"
"J26-S","developer","버그 복사기","구현 완료·자동 검증 완료","테스트: DeveloperPatchServiceTest.copierUsesNearestEligibleCombatTowerOncePerRoundWithoutInstallingNegativeBug; DeveloperGameTest.intendedHardcodingKeepsWrongSpeciesPenaltyAndCopiedBonusHasNoPenalty; 2026-09-21 14:44:34 KST Java 21 전체 게이트 재실행 통과: 필수 GameTest 668 통과; JUnit 1312 등록/1310 통과/2 건너뜀/실패 0/오류 0; remapJar 성공; 클라이언트 확인 대기"
"J26-G1","developer","의도된 사항입니다","구현 완료·자동 검증 완료","테스트: DeveloperPatchServiceTest.intendedBonusesIgnoreOnlyPositiveConditionsAndKeepNativePenalties; DeveloperGameTest.intendedHardcodingKeepsWrongSpeciesPenaltyAndCopiedBonusHasNoPenalty; 2026-09-21 14:44:34 KST Java 21 전체 게이트 재실행 통과: 필수 GameTest 668 통과; JUnit 1312 등록/1310 통과/2 건너뜀/실패 0/오류 0; remapJar 성공; 클라이언트 확인 대기"
"J26-G2","developer","슈퍼핫픽스","구현 완료·자동 검증 완료","테스트: DeveloperPatchServiceTest.superHotfixWaitsForFirstSuccessTriplesOnlyTheGainAndStillRollsBug; 2026-09-21 14:44:34 KST Java 21 전체 게이트 재실행 통과: 필수 GameTest 668 통과; JUnit 1312 등록/1310 통과/2 건너뜀/실패 0/오류 0; remapJar 성공; 클라이언트 확인 대기"
"J26-P","developer","일괄 배포","구현 완료·자동 검증 완료","테스트: DeveloperPatchServiceTest.batchQueuesAllCurrentEligibleTowersButSpendsOnlyOneSuccessfulPatch; 2026-09-21 14:44:34 KST Java 21 전체 게이트 재실행 통과: 필수 GameTest 668 통과; JUnit 1312 등록/1310 통과/2 건너뜀/실패 0/오류 0; remapJar 성공; 클라이언트 확인 대기"
"J27-S","frost","빙판길","구현 완료·자동 검증 완료","테스트: FrostGameTest.icePatchRespectsRadiusDurationAndDoesNotDuplicateDeath; FrostGameTest.icePatchRejectsIneligibleDeathsAndRoundResetCancelsIt; 2026-09-21 14:44:34 KST Java 21 전체 게이트 재실행 통과: 필수 GameTest 668 통과; JUnit 1312 등록/1310 통과/2 건너뜀/실패 0/오류 0; remapJar 성공; 클라이언트 확인 대기"
"J27-G1","frost","급속 냉동","구현 완료·자동 검증 완료","테스트: FrostGameTest.rapidFreezeDoublesActualEmissionForEnemiesAndAllies; FrostGameTest.rapidFreezeLeavesUnselectedEmissionAndDongtaeSpreadUnchanged; 2026-09-21 14:44:34 KST Java 21 전체 게이트 재실행 통과: 필수 GameTest 668 통과; JUnit 1312 등록/1310 통과/2 건너뜀/실패 0/오류 0; remapJar 성공; 클라이언트 확인 대기"
"J27-G2","frost","해동 맛집","구현 완료·자동 검증 완료","테스트: FrostGameTest.thawAugmentCapsAreaAndRejectsRepeatedOrGeneratedTriggers; 2026-09-21 14:44:34 KST Java 21 전체 게이트 재실행 통과: 필수 GameTest 668 통과; JUnit 1312 등록/1310 통과/2 건너뜀/실패 0/오류 0; remapJar 성공; 클라이언트 확인 대기"
"J27-P","frost","빙하기","구현 완료·자동 검증 완료","테스트: FrostGameTest.iceAgeCapsOwnSourcesAndTargetsWithoutRefreshingStun; 2026-09-21 14:44:34 KST Java 21 전체 게이트 재실행 통과: 필수 GameTest 668 통과; JUnit 1312 등록/1310 통과/2 건너뜀/실패 0/오류 0; remapJar 성공; 클라이언트 확인 대기"
"J28-S","pirate","약탈의 대가","구현 완료·자동 검증 완료","테스트: PirateEconomyTest.freeChestTicketHasCapacityOneAndRequiresSuccessfulBasicChestPlacement; PirateEconomyTest.directSaleNeverGrantsMaturityAugments; BuilderAugmentTransactionGameTest.freePirateChestPreservesTicketOnFailureAndRecordsNoPurchaseCredit; 2026-09-21 14:44:34 KST Java 21 전체 게이트 재실행 통과: 필수 GameTest 668 통과; JUnit 1312 등록/1310 통과/2 건너뜀/실패 0/오류 0; remapJar 성공; 클라이언트 확인 대기"
"J28-G1","pirate","열쇠공","구현 완료·자동 검증 완료","테스트: PirateEconomyTest.locksmithCascadeSettlesEachChestOnceAndOnlyMultipliesMaturityReward; PirateEconomyTest.directSaleNeverGrantsMaturityAugments; 2026-09-21 14:44:34 KST Java 21 전체 게이트 재실행 통과: 필수 GameTest 668 통과; JUnit 1312 등록/1310 통과/2 건너뜀/실패 0/오류 0; remapJar 성공; 클라이언트 확인 대기"
"J28-G2","pirate","함대 포격","구현 완료·자동 검증 완료","테스트: PirateAugmentGameTest.fleetFiresTwoSpacedShellsForOnlyFirstFiveBasics; PirateAugmentGameTest.fleetRetargetsInsideOriginalRangeAndCancelsMissingTargets; 2026-09-21 14:44:34 KST Java 21 전체 게이트 재실행 통과: 필수 GameTest 668 통과; JUnit 1312 등록/1310 통과/2 건너뜀/실패 0/오류 0; remapJar 성공; 클라이언트 확인 대기"
"J28-P","pirate","거함 거포","구현 완료·자동 검증 완료","테스트: PirateEconomyTest.cannonUsesOneStackPerWaveAndEndWaveCancelsShotsWithoutRefund; PirateAugmentGameTest.cannonFixesStrongestAttackAndBombardsAtTwoSecondIntervals; JobAugmentSelectionGameTest.acquisitionGrantsApplyExactlyOnceAcrossDuplicateClicksAndConfirms; 2026-09-21 14:44:34 KST Java 21 전체 게이트 재실행 통과: 필수 GameTest 668 통과; JUnit 1312 등록/1310 통과/2 건너뜀/실패 0/오류 0; remapJar 성공; 클라이언트 확인 대기"
"J29-S","mage_towers","막타 환급","구현 완료·자동 검증 완료","테스트: MageAugmentsTest.refundsActualSpendOnceAndNeverRefundsReplayOrSupport; 2026-09-21 14:44:34 KST Java 21 전체 게이트 재실행 통과: 필수 GameTest 668 통과; JUnit 1312 등록/1310 통과/2 건너뜀/실패 0/오류 0; remapJar 성공; 클라이언트 확인 대기"
"J29-G1","mage_towers","마나 홍수","구현 완료·자동 검증 완료","테스트: MageAugmentsTest.floodIncludesUsedWizardsAndWorldNeverChangesCollapseCost; MageGameTest.floodGrantsManaAndDoublesCoreAndUsedWizardProduction; JobAugmentSelectionGameTest.acquisitionGrantsApplyExactlyOnceAcrossDuplicateClicksAndConfirms; 2026-09-21 14:44:34 KST Java 21 전체 게이트 재실행 통과: 필수 GameTest 668 통과; JUnit 1312 등록/1310 통과/2 건너뜀/실패 0/오류 0; remapJar 성공; 클라이언트 확인 대기"
"J29-G2","mage_towers","이중 주문","구현 완료·자동 검증 완료","테스트: MageGameTest.augmentsReplayTheThirdSpellAndLimitWorldTargets; 2026-09-21 14:44:34 KST Java 21 전체 게이트 재실행 통과: 필수 GameTest 668 통과; JUnit 1312 등록/1310 통과/2 건너뜀/실패 0/오류 0; remapJar 성공; 클라이언트 확인 대기"
"J29-P","mage_towers","온 세상이 사거리","구현 완료·자동 검증 완료","테스트: MageAugmentsTest.refundsActualSpendOnceAndNeverRefundsReplayOrSupport; MageAugmentsTest.floodIncludesUsedWizardsAndWorldNeverChangesCollapseCost; MageGameTest.augmentsReplayTheThirdSpellAndLimitWorldTargets; 2026-09-21 14:44:34 KST Java 21 전체 게이트 재실행 통과: 필수 GameTest 668 통과; JUnit 1312 등록/1310 통과/2 건너뜀/실패 0/오류 0; remapJar 성공; 클라이언트 확인 대기"
"J30-S","insect_towers","알껍질 방패","구현 완료·자동 검증 완료","테스트: InsectGameTest.augmentHatchingKeepsLifePenaltiesAndBlocksOnlyOneRevivedHit; 2026-09-21 14:44:34 KST Java 21 전체 게이트 재실행 통과: 필수 GameTest 668 통과; JUnit 1312 등록/1310 통과/2 건너뜀/실패 0/오류 0; remapJar 성공; 클라이언트 확인 대기"
"J30-G1","insect_towers","급행 부화","구현 완료·자동 검증 완료","테스트: InsectGameTest.augmentHatchingKeepsLifePenaltiesAndBlocksOnlyOneRevivedHit; 2026-09-21 14:44:34 KST Java 21 전체 게이트 재실행 통과: 필수 GameTest 668 통과; JUnit 1312 등록/1310 통과/2 건너뜀/실패 0/오류 0; remapJar 성공; 클라이언트 확인 대기"
"J30-G2","insect_towers","군락 대행진","구현 완료·자동 검증 완료","테스트: InsectGameTest.larvaeReserveSixPerPlayerAndKeepOnlyNativeExplosions; 2026-09-21 14:44:34 KST Java 21 전체 게이트 재실행 통과: 필수 GameTest 668 통과; JUnit 1312 등록/1310 통과/2 건너뜀/실패 0/오류 0; remapJar 성공; 클라이언트 확인 대기"
"J30-P","insect_towers","살아 있는 군락","구현 완료·자동 검증 완료","테스트: InsectGameTest.colonyUsesLivingOriginalAnchorsAndCancelsWhenAllDisappear; 2026-09-21 14:44:34 KST Java 21 전체 게이트 재실행 통과: 필수 GameTest 668 통과; JUnit 1312 등록/1310 통과/2 건너뜀/실패 0/오류 0; remapJar 성공; 클라이언트 확인 대기"
"J31-S","future_agency_towers","교차 사격","구현 완료·자동 검증 완료","테스트: FutureAgencyGameTest.rescueAugmentsKeepTwoSurvivorsAndRestoreTheStartSnapshotOnlyOnce; 2026-09-21 14:44:34 KST Java 21 전체 게이트 재실행 통과: 필수 GameTest 668 통과; JUnit 1312 등록/1310 통과/2 건너뜀/실패 0/오류 0; remapJar 성공; 클라이언트 확인 대기"
"J31-G1","future_agency_towers","살아서 돌아왔다","구현 완료·자동 검증 완료","테스트: FutureAgencyGameTest.rescueAugmentsKeepTwoSurvivorsAndRestoreTheStartSnapshotOnlyOnce; 2026-09-21 14:44:34 KST Java 21 전체 게이트 재실행 통과: 필수 GameTest 668 통과; JUnit 1312 등록/1310 통과/2 건너뜀/실패 0/오류 0; remapJar 성공; 클라이언트 확인 대기"
"J31-G2","future_agency_towers","구조대 증원","구현 완료·자동 검증 완료","테스트: FutureAgencyGameTest.rescueAugmentsKeepTwoSurvivorsAndRestoreTheStartSnapshotOnlyOnce; 2026-09-21 14:44:34 KST Java 21 전체 게이트 재실행 통과: 필수 GameTest 668 통과; JUnit 1312 등록/1310 통과/2 건너뜀/실패 0/오류 0; remapJar 성공; 클라이언트 확인 대기"
"J31-P","future_agency_towers","구조 타임루프","구현 완료·자동 검증 완료","테스트: FutureAgencyGameTest.rescueAugmentsKeepTwoSurvivorsAndRestoreTheStartSnapshotOnlyOnce; 2026-09-21 14:44:34 KST Java 21 전체 게이트 재실행 통과: 필수 GameTest 668 통과; JUnit 1312 등록/1310 통과/2 건너뜀/실패 0/오류 0; remapJar 성공; 클라이언트 확인 대기"
